DROP TABLE IF EXISTS GOODS;
CREATE TABLE GOODS (
	G_CODE char(5) PRIMARY KEY,
	G_CATEGORY smallint NULL ,
	G_NAME  varchar(30) NULL ,
	G_WHOLESALE decimal(15,2) NULL 
);
INSERT INTO GOODS VALUES('1BM01',1,'ＩＤＭ APTIVE BS',347000);
INSERT INTO GOODS VALUES('1MT01',1,'メルド HD1000MB',198000);
INSERT INTO GOODS VALUES('1NC01',1,'ＮＰＣ PC-7001 ZA',228000);
INSERT INTO GOODS VALUES('2MT01',2,'メルド HD850MB',35000);
INSERT INTO GOODS VALUES('2MT02',2,'メルド HD1000MB',40000);
INSERT INTO GOODS VALUES('2MT03',2,'メルド MEM１６',20000);
INSERT INTO GOODS VALUES('3NC01',3,'ＳＣＳＩ ３ｍ',2000);
INSERT INTO GOODS VALUES('3NC03',3,'ＳＣＳＩ ５ｍ',3500);
INSERT INTO GOODS VALUES('3NC05',3,'ＲＳ２３２Ｃ ５ｍ',2800);
INSERT INTO GOODS VALUES('4FJ01',4,'ＨＧ 540',89800);
INSERT INTO GOODS VALUES('4FJ02',4,'ＨＧ 580',100800);
INSERT INTO GOODS VALUES('5AL01',5,'ＡＬＢＵＳ PV1000D',67800);
INSERT INTO GOODS VALUES('5EX01',5,'エクソン MX-500C',30000);
INSERT INTO GOODS VALUES('5EX02',5,'エクソン MX-810C',48000);
INSERT INTO GOODS VALUES('6MF01',6,'マイルドソフト ワープロ',19800);
INSERT INTO GOODS VALUES('6MF02',6,'マイルドソフト表計算',19800);
INSERT INTO GOODS VALUES('7SY01',7,'ＳＯＭＹ CPD-17GX',89800);
INSERT INTO GOODS VALUES('7SY02',7,'ＳＯＭＹ CPD-20GX',128000);
INSERT INTO GOODS VALUES('8AB01',8,'ＡＩＢＡ AZ-28800',19800);
INSERT INTO GOODS VALUES('8AB02',8,'ＡＩＢＡ AZ-33400',23800);
INSERT INTO GOODS VALUES('8AB10',8,'ＭＯ 230MB',3500);

drop table  if exists CUSTOMER;
CREATE TABLE CUSTOMER(
	C_CODE char (6) PRIMARY KEY ,
	C_NAME varchar (16) NULL ,
	C_ADDRESS1 varchar (20) NULL ,
	C_ADDRESS2 varchar (20) NULL ,
	C_PHONE varchar (12) NULL 
);

INSERT INTO CUSTOMER VALUES('800401','世田谷産業','東京都世田谷区','経堂4-56-5','03-1234-5678');
INSERT INTO CUSTOMER VALUES('800402','板不動産','東京都板橋区','赤井 1-52-45',NULL);
INSERT INTO CUSTOMER VALUES('800403','府中興業','東京都府中市','総領 1288','0423-12-3467');
INSERT INTO CUSTOMER VALUES('851001','八王子印刷','東京都八王子市','中山1-21-78','0426-23-7778');
INSERT INTO CUSTOMER VALUES('851002','町田研究所','東京都町田市','駅前1-23-2',NULL);
INSERT INTO CUSTOMER VALUES('900101','鎌倉通販','神奈川県鎌倉市','津東3-34-2','0467-56-1234');
INSERT INTO CUSTOMER VALUES('900201','千葉企画','千葉県千葉市','盤余町1-14-87','043-123-8879');
INSERT INTO CUSTOMER VALUES('900301','市川商事','千葉県市川市','須田3-15-1',NULL);
INSERT INTO CUSTOMER VALUES('901001','福島商事','福島県福島市','北島18-23','0245-23-1111');
INSERT INTO CUSTOMER VALUES('950401','米沢プロジェクト','岩手県米沢市','大字瑞穂1015','0238-55-4321');

drop table IF EXISTS ORDERS;
CREATE TABLE ORDERS (
	O_ID smallint PRIMARY KEY ,
	O_DATE datetime NULL ,
	C_CODE char (6) NULL 
);
INSERT INTO ORDERS VALUES(1,'2007/4/1 0:00:00','800401');
INSERT INTO ORDERS VALUES(2,'2007/4/10 0:00:00','800401');
INSERT INTO ORDERS VALUES(3,'2007/4/20 0:00:00','851001');
INSERT INTO ORDERS VALUES(4,'2007/4/21 0:00:00','800402');
INSERT INTO ORDERS VALUES(5,'2007/4/21 0:00:00','900101');
INSERT INTO ORDERS VALUES(6,'2007/4/21 0:00:00','901001');
INSERT INTO ORDERS VALUES(7,'2007/4/25 0:00:00','800401');
INSERT INTO ORDERS VALUES(8,'2007/4/26 0:00:00','900101');
INSERT INTO ORDERS VALUES(9,'2007/4/30 0:00:00','900101');
INSERT INTO ORDERS VALUES(10,'2007/4/30 0:00:00','901001');
INSERT INTO ORDERS VALUES(11,'2007/5/6 0:00:00','800401');
INSERT INTO ORDERS VALUES(12,'2007/5/7 0:00:00','800401');
INSERT INTO ORDERS VALUES(13,'2007/5/15 0:00:00','950401');
INSERT INTO ORDERS VALUES(14,'2007/5/16 0:00:00','851002');
INSERT INTO ORDERS VALUES(15,'2007/5/25 0:00:00','851002');
INSERT INTO ORDERS VALUES(16,'2007/5/25 0:00:00','901001');
INSERT INTO ORDERS VALUES(17,'2007/5/25 0:00:00','901001');
INSERT INTO ORDERS VALUES(18,'2007/5/31 0:00:00','901001');
INSERT INTO ORDERS VALUES(19,'2007/6/6 0:00:00','900201');
INSERT INTO ORDERS VALUES(20,'2007/6/6 0:00:00','950401');
INSERT INTO ORDERS VALUES(21,'2007/6/18 0:00:00','950401');
INSERT INTO ORDERS VALUES(22,'2007/6/20 0:00:00','800402');
INSERT INTO ORDERS VALUES(23,'2007/6/25 0:00:00','800401');
INSERT INTO ORDERS VALUES(24,'2007/6/25 0:00:00','800402');
INSERT INTO ORDERS VALUES(25,'2007/6/25 0:00:00','950401');

DROP TABLE IF EXISTS DETAILS;
CREATE TABLE DETAILS(
	O_ID smallint,
	G_CODE char(5),
	QUANTITY smallint 
);
INSERT INTO DETAILS VALUES(1,'2MT03',2);
INSERT INTO DETAILS VALUES(1,'6MF02',50);
INSERT INTO DETAILS VALUES(2,'3NC05',10);
INSERT INTO DETAILS VALUES(2,'6MF02',10);
INSERT INTO DETAILS VALUES(2,'7SY01',2);
INSERT INTO DETAILS VALUES(2,'8AB10',5);
INSERT INTO DETAILS VALUES(3,'2MT01',25);
INSERT INTO DETAILS VALUES(3,'4FJ01',2);
INSERT INTO DETAILS VALUES(3,'6MF02',5);
INSERT INTO DETAILS VALUES(3,'8AB01',5);
INSERT INTO DETAILS VALUES(3,'8AB02',2);
INSERT INTO DETAILS VALUES(3,'8AB10',20);
INSERT INTO DETAILS VALUES(4,'3NC01',30);
INSERT INTO DETAILS VALUES(4,'4FJ01',30);
INSERT INTO DETAILS VALUES(4,'5EX02',10);
INSERT INTO DETAILS VALUES(4,'7SY01',10);
INSERT INTO DETAILS VALUES(4,'8AB01',3);
INSERT INTO DETAILS VALUES(4,'8AB02',11);
INSERT INTO DETAILS VALUES(4,'8AB10',5);
INSERT INTO DETAILS VALUES(5,'5AL01',2);
INSERT INTO DETAILS VALUES(5,'5EX02',10);
INSERT INTO DETAILS VALUES(5,'6MF02',1);
INSERT INTO DETAILS VALUES(6,'6MF02',1);
INSERT INTO DETAILS VALUES(7,'1MT01',12);
INSERT INTO DETAILS VALUES(7,'2MT01',2);
INSERT INTO DETAILS VALUES(7,'2MT02',5);
INSERT INTO DETAILS VALUES(7,'2MT03',20);
INSERT INTO DETAILS VALUES(7,'4FJ01',4);
INSERT INTO DETAILS VALUES(7,'6MF02',22);
INSERT INTO DETAILS VALUES(7,'8AB02',5);
INSERT INTO DETAILS VALUES(7,'8AB10',10);
INSERT INTO DETAILS VALUES(8,'3NC05',5);
INSERT INTO DETAILS VALUES(8,'4FJ01',5);
INSERT INTO DETAILS VALUES(8,'5AL01',6);
INSERT INTO DETAILS VALUES(8,'6MF02',15);
INSERT INTO DETAILS VALUES(8,'8AB10',5);
INSERT INTO DETAILS VALUES(9,'3NC03',4);
INSERT INTO DETAILS VALUES(10,'6MF02',8);
INSERT INTO DETAILS VALUES(10,'8AB10',1);
INSERT INTO DETAILS VALUES(11,'2MT03',9);
INSERT INTO DETAILS VALUES(11,'6MF02',3);
INSERT INTO DETAILS VALUES(12,'5AL01',1);
INSERT INTO DETAILS VALUES(12,'5EX02',6);
INSERT INTO DETAILS VALUES(12,'6MF02',10);
INSERT INTO DETAILS VALUES(12,'7SY01',30);
INSERT INTO DETAILS VALUES(13,'1BN01',10);
INSERT INTO DETAILS VALUES(13,'2MT01',10);
INSERT INTO DETAILS VALUES(13,'6MF02',20);
INSERT INTO DETAILS VALUES(13,'8AB02',10);
INSERT INTO DETAILS VALUES(13,'8AB10',6);
INSERT INTO DETAILS VALUES(14,'2MT01',2);
INSERT INTO DETAILS VALUES(14,'2MT02',2);
INSERT INTO DETAILS VALUES(14,'3NC05',15);
INSERT INTO DETAILS VALUES(14,'4FJ01',1);
INSERT INTO DETAILS VALUES(14,'5AL01',7);
INSERT INTO DETAILS VALUES(14,'6MF02',33);
INSERT INTO DETAILS VALUES(14,'7SY01',5);
INSERT INTO DETAILS VALUES(15,'2MT02',2);
INSERT INTO DETAILS VALUES(15,'3NC01',1);
INSERT INTO DETAILS VALUES(15,'5EX02',30);
INSERT INTO DETAILS VALUES(15,'6MF02',55);
INSERT INTO DETAILS VALUES(15,'8AB10',8);
INSERT INTO DETAILS VALUES(16,'2MT03',3);
INSERT INTO DETAILS VALUES(16,'5EX02',1);
INSERT INTO DETAILS VALUES(17,'2MT03',24);
INSERT INTO DETAILS VALUES(17,'6MF02',2);
INSERT INTO DETAILS VALUES(17,'7SY02',5);
INSERT INTO DETAILS VALUES(17,'8AB10',8);
INSERT INTO DETAILS VALUES(18,'3NC03',11);
INSERT INTO DETAILS VALUES(18,'5EX02',60);
INSERT INTO DETAILS VALUES(18,'6MF02',8);
INSERT INTO DETAILS VALUES(18,'8AB10',2);
INSERT INTO DETAILS VALUES(19,'2MT03',21);
INSERT INTO DETAILS VALUES(19,'3NC05',12);
INSERT INTO DETAILS VALUES(19,'5EX02',9);
INSERT INTO DETAILS VALUES(19,'6MF02',6);
INSERT INTO DETAILS VALUES(19,'7SY01',9);
INSERT INTO DETAILS VALUES(19,'8AB01',14);
INSERT INTO DETAILS VALUES(19,'8AB10',5);
INSERT INTO DETAILS VALUES(20,'2MT02',14);
INSERT INTO DETAILS VALUES(20,'2MT03',15);
INSERT INTO DETAILS VALUES(20,'5AL01',11);
INSERT INTO DETAILS VALUES(20,'6MF02',2);
INSERT INTO DETAILS VALUES(20,'8AB02',10);
INSERT INTO DETAILS VALUES(21,'2MT02',1);
INSERT INTO DETAILS VALUES(21,'3NC05',20);
INSERT INTO DETAILS VALUES(21,'4FJ01',20);
INSERT INTO DETAILS VALUES(21,'5EX02',10);
INSERT INTO DETAILS VALUES(21,'6MF01',11);
INSERT INTO DETAILS VALUES(21,'6MF02',7);
INSERT INTO DETAILS VALUES(21,'7SY01',5);
INSERT INTO DETAILS VALUES(22,'6MF02',5);
INSERT INTO DETAILS VALUES(22,'7SY01',14);
INSERT INTO DETAILS VALUES(22,'8AB10',60);
INSERT INTO DETAILS VALUES(23,'1MT01',6);
INSERT INTO DETAILS VALUES(23,'2MT03',20);
INSERT INTO DETAILS VALUES(23,'3NC05',1);
INSERT INTO DETAILS VALUES(23,'6MF02',15);
INSERT INTO DETAILS VALUES(23,'8AB01',12);
INSERT INTO DETAILS VALUES(24,'2MT01',8);
INSERT INTO DETAILS VALUES(24,'5EX02',1);
INSERT INTO DETAILS VALUES(24,'6MF02',50);
INSERT INTO DETAILS VALUES(24,'8AB10',20);
INSERT INTO DETAILS VALUES(25,'1MT01',40);
INSERT INTO DETAILS VALUES(25,'6MF01',6);
INSERT INTO DETAILS VALUES(25,'7SY01',1);
INSERT INTO DETAILS VALUES(25,'8AB01',1);
INSERT INTO DETAILS VALUES(25,'8AB10',13);

DROP TABLE IF EXISTS TOKYO;
CREATE TABLE TOKYO(
	G_CODE char(5) PRIMARY KEY,
	STOCK int NULL ,
	S_ID varchar (2) NULL
);
INSERT INTO TOKYO VALUES('1MT01',15,'A1' );
INSERT INTO TOKYO VALUES('2MT01',5,'A1' );
INSERT INTO TOKYO VALUES('2MT03',100,'A1' );
INSERT INTO TOKYO VALUES('3NC03',20,'A2' );
INSERT INTO TOKYO VALUES('3NC05',20,'A2' );
INSERT INTO TOKYO VALUES('4FJ01',12,'B1' );
INSERT INTO TOKYO VALUES('5AL01',5,'B2' );
INSERT INTO TOKYO VALUES('5EX01',1,'B3' );
INSERT INTO TOKYO VALUES('5EX02',100,'B3' );
INSERT INTO TOKYO VALUES('6MF01',55,'C2' );
INSERT INTO TOKYO VALUES('7SY02',40,'C3' );
INSERT INTO TOKYO VALUES('8AB02',58,'C4' );
INSERT INTO TOKYO VALUES('8AB10',10,'C4' );

DROP TABLE IF EXISTS SENDAI;
CREATE TABLE SENDAI(
	G_CODE char(5) PRIMARY KEY,
	STOCK int NULL ,
	S_ID varchar (2) NULL 
);
INSERT INTO SENDAI VALUES('1NC01',50,'A0' );
INSERT INTO SENDAI VALUES('2MT01',10,'A1' );
INSERT INTO SENDAI VALUES('3NC01',50,'A2' );
INSERT INTO SENDAI VALUES('4FJ02',3,'B1' );
INSERT INTO SENDAI VALUES('5AL01',4,'B2' );
INSERT INTO SENDAI VALUES('5EX01',5,'B3' );
INSERT INTO SENDAI VALUES('5EX02',15,'B3' );
INSERT INTO SENDAI VALUES('6MF01',50,'C2' );
INSERT INTO SENDAI VALUES('6MF02',50,'C2' );
INSERT INTO SENDAI VALUES('8AB01',60,'C4' );
INSERT INTO SENDAI VALUES('8AB02',10,'C4' );
INSERT INTO SENDAI VALUES('8AB10',10,'C4' );
